-- capstone.divisions seeding

INSERT INTO capstone.divisions (id, name) VALUES(1, 'Store');
INSERT INTO capstone.divisions (id, name) VALUES(2, 'Finance');
INSERT INTO capstone.divisions (id, name) VALUES(3, 'Legal');
INSERT INTO capstone.divisions (id, name) VALUES(4, 'Human Capital');
INSERT INTO capstone.divisions (id, name) VALUES(5, 'General Affair');

-- capstone.users seeding

INSERT INTO capstone.users (id, division_id, role, name, email, phone, password, gender, avatar, address, created_at, updated_at, deleted_at) VALUES(1, 1, 'Manajer', 'Bahtiar Subrata', 'bahtiar.subrata@sirclo.com', '0817555199', '$2a$04$FMMby/5GnLZFKGpwj5cjk.Vt1TQzU0aLg66ikj76YY6qNsF3XtSc2', '', 'default_avatar.jpg', '', '2022-02-20 09:00:00.000', NULL, NULL);
INSERT INTO capstone.users (id, division_id, role, name, email, phone, password, gender, avatar, address, created_at, updated_at, deleted_at) VALUES(2, 2, 'Manajer', 'Mohammad Pramudiono', 'mohammad.pramudiono@sirclo.com', '0878555721', '$2a$04$6grhXXzuvlv2GrQJvrFjfuOb1t/xZaEjoK31HT.HjjSE3dzY379ba', '', 'default_avatar.jpg', '', '2022-02-20 09:00:00.000', NULL, NULL);
INSERT INTO capstone.users (id, division_id, role, name, email, phone, password, gender, avatar, address, created_at, updated_at, deleted_at) VALUES(3, 3, 'Manajer', 'Bagus Brahmantya', 'bagus.brahmantya@sirclo.com', '0838555729', '$2a$04$V.KjqnDZu3pf7rt0rALCouNCGUqwcbNgn3ZFvr010b1J8OlTsy/pm', '', 'default_avatar.jpg', '', '2022-02-20 09:00:00.000', NULL, NULL);
INSERT INTO capstone.users (id, division_id, role, name, email, phone, password, gender, avatar, address, created_at, updated_at, deleted_at) VALUES(4, 4, 'Manajer', 'Salmaa', 'salmaa@sirclo.com', '0855555288', '$2a$04$pCvIXLdfH.0Xglxy/vvsQeEYz/5DSDUs8lLPd7mOAqU1meeSee3by', '', 'default_avatar.jpg', '', '2022-02-20 09:00:00.000', NULL, NULL);
INSERT INTO capstone.users (id, division_id, role, name, email, phone, password, gender, avatar, address, created_at, updated_at, deleted_at) VALUES(5, 5, 'Manajer', 'Yahya Zakariya', 'yahya.zakariya@sirclo.com', '0838555450', '$2a$04$3plmpbUVEZKdW/QfN0JDPuxx51660/klvDI93TKIIs3yk8AWUzGku', '', 'default_avatar.jpg', '', '2022-02-20 09:00:00.000', NULL, NULL);
INSERT INTO capstone.users (id, division_id, role, name, email, phone, password, gender, avatar, address, created_at, updated_at, deleted_at) VALUES(6, 2, 'Administrator', 'Prajogo Pangestu', 'prajogo.pangestu@sirclo.com', '0813555021', '$2a$04$uSpT0Qu8fU.Kaq7CDEWEueMyIeewHDnfPvqANbeRiyAFH1EIFcSn6', '', 'default_avatar.jpg', '', '2022-02-20 09:00:00.000', NULL, NULL);
INSERT INTO capstone.users (id, division_id, role, name, email, phone, password, gender, avatar, address, created_at, updated_at, deleted_at) VALUES(7, 3, 'Administrator', 'Anthoni Salim', 'anthoni.salim@sirclo.com', '0838555217', '$2a$04$us9n4sDgDsLl7nZ5NA9E0.t69asZFHQrIpWDHgyp7gt6K.zwFGuc2', '', 'default_avatar.jpg', '', '2022-02-20 09:00:00.000', NULL, NULL);
INSERT INTO capstone.users (id, division_id, role, name, email, phone, password, gender, avatar, address, created_at, updated_at, deleted_at) VALUES(8, 4, 'Administrator', 'Susilo Wonowidjojo', 'susilo.wonowidjojo@sirclo.com', '0896555495', '$2a$04$BZZnY56bXoYPMJuWF4nYv.A5EIV7YKGOC1KFI8FEUATK7yoRKT1lO', '', 'default_avatar.jpg', '', '2022-02-20 09:00:00.000', NULL, NULL);
INSERT INTO capstone.users (id, division_id, role, name, email, phone, password, gender, avatar, address, created_at, updated_at, deleted_at) VALUES(9, 2, 'Administrator', 'Jogi Hendra', 'jogi.hendra@sirclo.com', '0897555066', '$2a$04$5ppkznznbloMziLqrX.kc.rKuG/Pa/a.14UGtZf9gNdBlq5C.XuvW', '', 'default_avatar.jpg', '', '2022-02-20 09:00:00.000', NULL, NULL);
INSERT INTO capstone.users (id, division_id, role, name, email, phone, password, gender, avatar, address, created_at, updated_at, deleted_at) VALUES(10, 3, 'Administrator', 'Boenjamin Setiawan', 'boenjamin.setiawan@sirclo.com', '0859555055', '$2a$04$iGnmTK8pYkufVUBaYVd2KuB1pEp6poINmbBVaYnzNXS8qN1irGavu', '', 'default_avatar.jpg', '', '2022-02-20 09:00:00.000', NULL, NULL);
INSERT INTO capstone.users (id, division_id, role, name, email, phone, password, gender, avatar, address, created_at, updated_at, deleted_at) VALUES(11, 5, 'Employee', 'Chairul Tanjung', 'chairul.tanjung@sirclo.com', '0811555712', '$2a$04$p2SyQXzHwWiNxEytojYBr..Jg5x0aukreWcAnrnahKbQlUGFtmKaW', '', 'default_avatar.jpg', '', '2022-02-20 09:00:00.000', NULL, NULL);
INSERT INTO capstone.users (id, division_id, role, name, email, phone, password, gender, avatar, address, created_at, updated_at, deleted_at) VALUES(12, 1, 'Employee', 'Tahir', 'tahir@sirclo.com', '0899555286', '$2a$04$9isz/7sBB.vuvTwQZSZLEulHKSo6QX8pWxq4U7M7IrjwpNCJftswq', '', 'default_avatar.jpg', '', '2022-02-20 09:00:00.000', NULL, NULL);
INSERT INTO capstone.users (id, division_id, role, name, email, phone, password, gender, avatar, address, created_at, updated_at, deleted_at) VALUES(13, 5, 'Employee', 'Bachtiar Karim', 'bachtiar.karim@sirclo.com', '0898555454', '$2a$04$K0mr/38n3vZnHUZ9imDaLuL5RVhSvxr5srcxkQb0Kr0jYLgbgBdru', '', 'default_avatar.jpg', '', '2022-02-20 09:00:00.000', NULL, NULL);
INSERT INTO capstone.users (id, division_id, role, name, email, phone, password, gender, avatar, address, created_at, updated_at, deleted_at) VALUES(14, 4, 'Employee', 'Martua Sitorus', 'martua.sitorus@sirclo.com', '0854555453', '$2a$04$rJ.jEB9ZGMVRoxGr2BRXyuQ8DE1Kooa/ENydUWohojo8lLrT0puoS', '', 'default_avatar.jpg', '', '2022-02-20 09:00:00.000', NULL, NULL);
INSERT INTO capstone.users (id, division_id, role, name, email, phone, password, gender, avatar, address, created_at, updated_at, deleted_at) VALUES(15, 4, 'Employee', 'Putera Sampoerna', 'putera.sampoerna@sirclo.com', '0815555784', '$2a$04$YfNuvxL6G5Emfe498NDODeDAsTFkEq8syXwBvtvjnr28RAeQ70Lte', '', 'default_avatar.jpg', '', '2022-02-20 09:00:00.000', NULL, NULL);
INSERT INTO capstone.users (id, division_id, role, name, email, phone, password, gender, avatar, address, created_at, updated_at, deleted_at) VALUES(16, 1, 'Employee', 'Kuncoro Wibowo', 'kuncoro.wibowo@sirclo.com', '0811555855', '$2a$04$iSd7PsbW4ej/oHJpeBa.nOQ2QoUlBXBx5sMrOJJBc4BTJnoXOQ57.', '', 'default_avatar.jpg', '', '2022-02-20 09:00:00.000', NULL, NULL);
INSERT INTO capstone.users (id, division_id, role, name, email, phone, password, gender, avatar, address, created_at, updated_at, deleted_at) VALUES(17, 4, 'Employee', 'Garibaldi Thohir', 'garibaldi.thohir@sirclo.com', '0819555376', '$2a$04$0LvVUQb1UqiSDTmZCMUO1.zOH56QHEOFRJFb89qmh/UkDTbsA26VK', '', 'default_avatar.jpg', '', '2022-02-20 09:00:00.000', NULL, NULL);
INSERT INTO capstone.users (id, division_id, role, name, email, phone, password, gender, avatar, address, created_at, updated_at, deleted_at) VALUES(18, 1, 'Employee', 'Theodore Rachmat', 'theodore.rachmat@sirclo.com', '0878555155', '$2a$04$jDOHrdaJdrFjHsbOLuNdMudIBcoi1XC1dt8T3f4osOvQnKca4N.dG', '', 'default_avatar.jpg', '', '2022-02-20 09:00:00.000', NULL, NULL);
INSERT INTO capstone.users (id, division_id, role, name, email, phone, password, gender, avatar, address, created_at, updated_at, deleted_at) VALUES(19, 1, 'Employee', 'Irwan Hidayat', 'irwan.hidayat@sirclo.com', '0819555901', '$2a$04$JwpWN/sLlto.xJ.1z/Dw1OllH3GpHIqBD5LJpCwLDe3m6Xqc.CV9i', '', 'default_avatar.jpg', '', '2022-02-20 09:00:00.000', NULL, NULL);
INSERT INTO capstone.users (id, division_id, role, name, email, phone, password, gender, avatar, address, created_at, updated_at, deleted_at) VALUES(20, 1, 'Employee', 'Peter Sondakh', 'peter.sondakh@sirclo.com', '0878555995', '$2a$04$6yTDJca3ytPWXHqynmra4.nGEORKzKbn7lizTQRDUkMRI.kenQSHW', '', 'default_avatar.jpg', '', '2022-02-20 09:00:00.000', NULL, NULL);
INSERT INTO capstone.users (id, division_id, role, name, email, phone, password, gender, avatar, address, created_at, updated_at, deleted_at) VALUES(21, 1, 'Employee', 'Djoko Susanto', 'djoko.susanto@sirclo.com', '0811555567', '$2a$04$z1rUH0CAMmVlg.xLkkOTXO/WhRKdkCdXMzapVnScoIKpcgmN/whCm', '', 'default_avatar.jpg', '', '2022-02-20 09:00:00.000', NULL, NULL);
INSERT INTO capstone.users (id, division_id, role, name, email, phone, password, gender, avatar, address, created_at, updated_at, deleted_at) VALUES(22, 3, 'Employee', 'Eddy Kusnadi', 'eddy.kusnadi@sirclo.com', '0819555360', '$2a$04$zKc3dFXQ4dw0XkiouUJ7Z.KRky9iC6c/hiJkS0C8nTeM3mzRsU4HG', '', 'default_avatar.jpg', '', '2022-02-20 09:00:00.000', NULL, NULL);
INSERT INTO capstone.users (id, division_id, role, name, email, phone, password, gender, avatar, address, created_at, updated_at, deleted_at) VALUES(23, 1, 'Employee', 'Mochtar Riady', 'mochtar.riady@sirclo.com', '0897555312', '$2a$04$MoO.ZJzc984lCJ1yactrsu.P4pOPse/f8YlDzaSyqSk/W9m87YzAC', '', 'default_avatar.jpg', '', '2022-02-20 09:00:00.000', NULL, NULL);
INSERT INTO capstone.users (id, division_id, role, name, email, phone, password, gender, avatar, address, created_at, updated_at, deleted_at) VALUES(24, 2, 'Employee', 'Sukanto Tanoto', 'sukanto.tanoto@sirclo.com', '0896555930', '$2a$04$QZEb3tR5vXmaiLGH7Pv0w.la06.tpo2f3orVNIcQuGfLh8DvWmqZ.', '', 'default_avatar.jpg', '', '2022-02-20 09:00:00.000', NULL, NULL);
INSERT INTO capstone.users (id, division_id, role, name, email, phone, password, gender, avatar, address, created_at, updated_at, deleted_at) VALUES(25, 4, 'Employee', 'Husain Djojonegoro', 'husain.djojonegoro@sirclo.com', '0897555246', '$2a$04$xbGjynPHcS4K6Iy5ROXr2OHFC7XZVYMEf2ww0otH0R6KxucW3tJ/6', '', 'default_avatar.jpg', '', '2022-02-20 09:00:00.000', NULL, NULL);
INSERT INTO capstone.users (id, division_id, role, name, email, phone, password, gender, avatar, address, created_at, updated_at, deleted_at) VALUES(26, 5, 'Employee', 'Husodo Angkosubroto', 'husodo.angkosubroto@sirclo.com', '0896555977', '$2a$04$o4Jo6Y.DmjVaS/NWaZU6XeaPLJ24mKTgXPbbHCFZ43Sd7UBHKFLH.', '', 'default_avatar.jpg', '', '2022-02-20 09:00:00.000', NULL, NULL);
INSERT INTO capstone.users (id, division_id, role, name, email, phone, password, gender, avatar, address, created_at, updated_at, deleted_at) VALUES(27, 2, 'Employee', 'Alexander Tedja', 'alexander.tedja@sirclo.com', '0855555080', '$2a$04$eMgFBG8xG73e7L2X7fAfS.u3NNFLQe8vi8lgBKIeSrQVv7IJxZqmu', '', 'default_avatar.jpg', '', '2022-02-20 09:00:00.000', NULL, NULL);
INSERT INTO capstone.users (id, division_id, role, name, email, phone, password, gender, avatar, address, created_at, updated_at, deleted_at) VALUES(28, 1, 'Employee', 'Winarko Sulistyo', 'winarko.sulistyo@sirclo.com', '0838555185', '$2a$04$eRsHkxDnKc6xyQfRZ2odQeF3K6aoNl///ZR6Jo451TKK3C.aSCOmC', '', 'default_avatar.jpg', '', '2022-02-20 09:00:00.000', NULL, NULL);
INSERT INTO capstone.users (id, division_id, role, name, email, phone, password, gender, avatar, address, created_at, updated_at, deleted_at) VALUES(29, 1, 'Employee', 'Murdaya Poo', 'murdaya.poo@sirclo.com', '0854555000', '$2a$04$UFoyD4chN4/4pHSHaUkjTeWXzcwCxQXJiyGQfRfe83vP9FwcqXKQy', '', 'default_avatar.jpg', '', '2022-02-20 09:00:00.000', NULL, NULL);
INSERT INTO capstone.users (id, division_id, role, name, email, phone, password, gender, avatar, address, created_at, updated_at, deleted_at) VALUES(30, 1, 'Employee', 'Ciliandra Fangiono', 'ciliandra.fangiono@sirclo.com', '0857555608', '$2a$04$myccotcCI943A1U2gboUn.I/tNfXnlr/DAkfvkuMD22Sl3xYGpWha', '', 'default_avatar.jpg', '', '2022-02-20 09:00:00.000', NULL, NULL);
INSERT INTO capstone.users (id, division_id, role, name, email, phone, password, gender, avatar, address, created_at, updated_at, deleted_at) VALUES(31, 3, 'Employee', 'Eddy Katuari', 'eddy.katuari@sirclo.com', '0897555282', '$2a$04$8aJv60IQhH3Y30rKct6ageCOJ.5dMuml/V70Y6rnJwUxABMGa3OK2', '', 'default_avatar.jpg', '', '2022-02-20 09:00:00.000', NULL, NULL);
INSERT INTO capstone.users (id, division_id, role, name, email, phone, password, gender, avatar, address, created_at, updated_at, deleted_at) VALUES(32, 2, 'Employee', 'Hary Tanoesoedibjo', 'hary.tanoesoedibjo@sirclo.com', '0854555776', '$2a$04$lgAAjsXq.bGpk3wRoq5H8.67.O6m4SHx4yCLthQXisu71olUVzXGC', '', 'default_avatar.jpg', '', '2022-02-20 09:00:00.000', NULL, NULL);
INSERT INTO capstone.users (id, division_id, role, name, email, phone, password, gender, avatar, address, created_at, updated_at, deleted_at) VALUES(33, 5, 'Employee', 'Sabana Prawirawijaya', 'sabana.prawirawijaya@sirclo.com', '0811555955', '$2a$04$tDLPKoAMOMMsUX2F4y4FceUw0ZmHXR5rbpfcycO7P4CaPd5k5Y6K2', '', 'default_avatar.jpg', '', '2022-02-20 09:00:00.000', NULL, NULL);
INSERT INTO capstone.users (id, division_id, role, name, email, phone, password, gender, avatar, address, created_at, updated_at, deleted_at) VALUES(34, 2, 'Employee', 'Sjamsul Nursalim', 'sjamsul.nursalim@sirclo.com', '0897555871', '$2a$04$ev/9/KsbVqmUUam4wmocfOFSVNNUEew8Yd/cjft1ae.IKgc3.qDIe', '', 'default_avatar.jpg', '', '2022-02-20 09:00:00.000', NULL, NULL);
INSERT INTO capstone.users (id, division_id, role, name, email, phone, password, gender, avatar, address, created_at, updated_at, deleted_at) VALUES(35, 4, 'Employee', 'Osbert Lyman', 'osbert.lyman@sirclo.com', '0859555887', '$2a$04$mmDyf5t4sqjL.fOoilc2sOmL1OqwQg6uhKuCdnvT1IVIsJrgTls1S', '', 'default_avatar.jpg', '', '2022-02-20 09:00:00.000', NULL, NULL);
INSERT INTO capstone.users (id, division_id, role, name, email, phone, password, gender, avatar, address, created_at, updated_at, deleted_at) VALUES(36, 5, 'Employee', 'Handojo Santoso', 'handojo.santoso@sirclo.com', '0858555315', '$2a$04$qsA54ioDEVOTbH6xL9ID/.uasiRyOnNmOM3TWUJYmOX6SmjJthPFO', '', 'default_avatar.jpg', '', '2022-02-20 09:00:00.000', NULL, NULL);
INSERT INTO capstone.users (id, division_id, role, name, email, phone, password, gender, avatar, address, created_at, updated_at, deleted_at) VALUES(37, 5, 'Employee', 'Hermanto Tanoko', 'hermanto.tanoko@sirclo.com', '0838555735', '$2a$04$UG4kswBVX6lLHfV/wxJxpO2t/6CABWb5BvvwsUNZNPJHFXj7yo7hm', '', 'default_avatar.jpg', '', '2022-02-20 09:00:00.000', NULL, NULL);
INSERT INTO capstone.users (id, division_id, role, name, email, phone, password, gender, avatar, address, created_at, updated_at, deleted_at) VALUES(38, 2, 'Employee', 'Hashim Djojohadikusumo', 'hashim.djojohadikusumo@sirclo.com', '0856555607', '$2a$04$DroVQIlY7hLmmdU/1nifnuHHzcsEIRi8WbC72l0UNL1ISkkPFJHWu', '', 'default_avatar.jpg', '', '2022-02-20 09:00:00.000', NULL, NULL);
INSERT INTO capstone.users (id, division_id, role, name, email, phone, password, gender, avatar, address, created_at, updated_at, deleted_at) VALUES(39, 5, 'Employee', 'Sudhamek Agoeng', 'sudhamek.agoeng@sirclo.com', '0817555664', '$2a$04$hy0RVW2cx0pANVEtey.Vt.wvquH9.Dlrod1TF2TXwLVY5xtIwx1WO', '', 'default_avatar.jpg', '', '2022-02-20 09:00:00.000', NULL, NULL);
INSERT INTO capstone.users (id, division_id, role, name, email, phone, password, gender, avatar, address, created_at, updated_at, deleted_at) VALUES(40, 5, 'Employee', 'Kartini Muljadi', 'kartini.muljadi@sirclo.com', '0878555628', '$2a$04$7DBjpl7EbHbc7nF1y0qA2e7BRJOOTA98D5tFxSJwPvA6fpvmS4/t2', '', 'default_avatar.jpg', '', '2022-02-20 09:00:00.000', NULL, NULL);
INSERT INTO capstone.users (id, division_id, role, name, email, phone, password, gender, avatar, address, created_at, updated_at, deleted_at) VALUES(41, 4, 'Employee', 'Arini Subianto', 'arini.subianto@sirclo.com', '0838555846', '$2a$04$K8pSLqy1SnzZKV0wQAYQ6.vKD00XVvR8vkO9fZ3n6UkNeZz2nQXRa', '', 'default_avatar.jpg', '', '2022-02-20 09:00:00.000', NULL, NULL);
INSERT INTO capstone.users (id, division_id, role, name, email, phone, password, gender, avatar, address, created_at, updated_at, deleted_at) VALUES(42, 5, 'Employee', 'Jerry NG', 'jerry.ng@sirclo.com', '0897555524', '$2a$04$5dObnuf7k4a2zHXb9mS90.KsBCffG2tQHYPnFHz6PJbjFPy7wShN.', '', 'default_avatar.jpg', '', '2022-02-20 09:00:00.000', NULL, NULL);
INSERT INTO capstone.users (id, division_id, role, name, email, phone, password, gender, avatar, address, created_at, updated_at, deleted_at) VALUES(43, 2, 'Employee', 'Edwin Soeryadjaya', 'edwin.soeryadjaya@sirclo.com', '0838555525', '$2a$04$RN56g899bLknIsOycjXULOVKGqSSoXFPy9EhI8SFmA8zXdBdP.EB2', '', 'default_avatar.jpg', '', '2022-02-20 09:00:00.000', NULL, NULL);
INSERT INTO capstone.users (id, division_id, role, name, email, phone, password, gender, avatar, address, created_at, updated_at, deleted_at) VALUES(44, 2, 'Employee', 'Soegiarto Adikoesoemo', 'soegiarto.adikoesoemo@sirclo.com', '0818555256', '$2a$04$OQVAQM.aye52XE2m807rcOJWgd33.I5PP0gVGj52iHG1WkPFpBOcm', '', 'default_avatar.jpg', '', '2022-02-20 09:00:00.000', NULL, NULL);
INSERT INTO capstone.users (id, division_id, role, name, email, phone, password, gender, avatar, address, created_at, updated_at, deleted_at) VALUES(45, 3, 'Employee', 'Arifin Panigoro', 'arifin.panigoro@sirclo.com', '0838555841', '$2a$04$VnKHRGGWbhsxikAr6HAZfOJ3UrkCwdaZM/wSF/ip9ZxZg1.OKiNku', '', 'default_avatar.jpg', '', '2022-02-20 09:00:00.000', NULL, NULL);
INSERT INTO capstone.users (id, division_id, role, name, email, phone, password, gender, avatar, address, created_at, updated_at, deleted_at) VALUES(46, 5, 'Employee', 'Harjo Sutanto', 'harjo.sutanto@sirclo.com', '0838555119', '$2a$04$OrHGfcm5B30l586W02mZ9uqojXgq5aFGAE76WTxc1.KxBn8xP80G6', '', 'default_avatar.jpg', '', '2022-02-20 09:00:00.000', NULL, NULL);
INSERT INTO capstone.users (id, division_id, role, name, email, phone, password, gender, avatar, address, created_at, updated_at, deleted_at) VALUES(47, 2, 'Employee', 'Iwan Lukminto', 'iwan.lukminto@sirclo.com', '0878555317', '$2a$04$pM1tjVKNhCY0XJmbGoIcROj5aHvX7EyNMSav0uYu5Fy7BFRlFcMlu', '', 'default_avatar.jpg', '', '2022-02-20 09:00:00.000', NULL, NULL);
INSERT INTO capstone.users (id, division_id, role, name, email, phone, password, gender, avatar, address, created_at, updated_at, deleted_at) VALUES(48, 3, 'Employee', 'Susanto Suwarto', 'susanto.suwarto@sirclo.com', '0899555993', '$2a$04$ddvPDpdsuhFtlkGWz.FDfOzHx.WWcVNbjMCjWvgbzxVQxINX46/Zm', '', 'default_avatar.jpg', '', '2022-02-20 09:00:00.000', NULL, NULL);
INSERT INTO capstone.users (id, division_id, role, name, email, phone, password, gender, avatar, address, created_at, updated_at, deleted_at) VALUES(49, 2, 'Employee', 'Jaladri Candarudrika', 'jaladri.candarudrika@sirclo.com', '0878555618', '$2a$04$Csl2xckl9ddKhD5/Zin2a.TPwxvtucK3ovbAXr0Nfy6aTx.eYsA7q', '', 'default_avatar.jpg', '', '2022-02-20 09:00:00.000', NULL, NULL);
INSERT INTO capstone.users (id, division_id, role, name, email, phone, password, gender, avatar, address, created_at, updated_at, deleted_at) VALUES(50, 5, 'Employee', 'Esmining Mitarum', 'esmining.mitarum@sirclo.com', '0859555636', '$2a$04$mQhXDGqEWcVusMqC/mGOduBRGntN3cRHvNTxbPH4Lu2jHoojyJqYe', '', 'default_avatar.jpg', '', '2022-02-20 09:00:00.000', NULL, NULL);

-- capstone.categories seeding

INSERT INTO capstone.categories (id, name) VALUES(1, 'Computer');
INSERT INTO capstone.categories (id, name) VALUES(2, 'Computer Accessories');
INSERT INTO capstone.categories (id, name) VALUES(3, 'Networking');
INSERT INTO capstone.categories (id, name) VALUES(4, 'UPS');
INSERT INTO capstone.categories (id, name) VALUES(5, 'Printer and Scanner');
INSERT INTO capstone.categories (id, name) VALUES(6, 'Electronics');
INSERT INTO capstone.categories (id, name) VALUES(7, 'Others');

-- capstone.assets seeding

INSERT INTO capstone.assets (id, name, description, status, category_id, quantity, image, created_at, updated_at, deleted_at) VALUES(1, 'Dell Latitude 3420 (i7-1165G7, 8GB, 512GB)', 'Processor : Intel Core i7-1165G7, RAM : 8GB DDR4, SSD : 512GB, VGA : Intel Iris Xe Graphics, Konektivitas : Wifi + Bluetooth, Ukuran Layar : 14 Inch FHD, Sistem Operasi : Windows 10 Home', 'Available', 1, 20, 'asset-1-1645359981.png', '2022-02-20 09:00:00.000', NULL, NULL);
INSERT INTO capstone.assets (id, name, description, status, category_id, quantity, image, created_at, updated_at, deleted_at) VALUES(2, 'Lenovo ThinkPad L13 Gen2 (i5-1135G7, 16GB, 512GB)', 'Processor : Intel Core i5-1135G7, RAM : 16GB DDR4, SSD : 512GB, VGA : Intel Iris Xe Graphics, Konektivitas : Wifi + Bluetooth, Ukuran Layar : 13.3 Inch FHD, Sistem Operasi : Windows 10 Pro', 'Available', 1, 20, 'asset-2-1645359982.png', '2022-02-20 09:00:00.000', NULL, NULL);
INSERT INTO capstone.assets (id, name, description, status, category_id, quantity, image, created_at, updated_at, deleted_at) VALUES(3, 'Dell Latitude 5420 (i5-1145G7 vPro, 8GB, 512GB)', 'Processor: Intel Core i5-1145G7 vPro, RAM: 8GB DDR4, SSD: 512GB, VGA: Intel Iris Xe Graphics, Konektivitas: Wifi+Bluetooth, Ukuran layar: 14 Inch FHD Non-Touch, Sistem Operasi: Windows 10 Pro', 'Available', 1, 10, 'asset-3-1645359983.png', '2022-02-20 09:00:00.000', NULL, NULL);
INSERT INTO capstone.assets (id, name, description, status, category_id, quantity, image, created_at, updated_at, deleted_at) VALUES(4, 'Apple Macbook Pro (i5-1038NG7, 16GB, 1TB)', 'Processor: Intel Core i5-1038NG7, RAM: 16GB DDR4, SSD: 1TB, VGA: Intel Iris Plus Graphics, Konektiviats: Wi‑Fi + Bluetooth, Ukuran Layar: 13.3 inch Retina display, Sistem Operasi: macOS', 'Available', 1, 5, 'asset-4-1645359984.png', '2022-02-20 09:00:00.000', NULL, NULL);
INSERT INTO capstone.assets (id, name, description, status, category_id, quantity, image, created_at, updated_at, deleted_at) VALUES(5, 'Dell 24 inch Monitor E2420H', 'Diagonal Size : 24 inch, Panel Type : IPS, Resolution : Full HD (1080p) 1920 x 1080 at 60 Hz, Brightness : 250 cd/m², Aspect Ratio : 16:9', 'Available', 2, 5, 'asset-5-1645359985.png', '2022-02-20 09:00:00.000', NULL, NULL);
INSERT INTO capstone.assets (id, name, description, status, category_id, quantity, image, created_at, updated_at, deleted_at) VALUES(6, 'Dell 24 Inch Monitor S2421H', 'Diagonal Size : 24 inch, Panel Type : LED Backlight, Resolution : Full HD 1920 x 1080 @ 75 Hz, Brightness : 250 cd/m², Aspect Ratio : 16:9', 'Available', 2, 5, 'asset-6-1645359986.png', '2022-02-20 09:00:00.000', NULL, NULL);
INSERT INTO capstone.assets (id, name, description, status, category_id, quantity, image, created_at, updated_at, deleted_at) VALUES(7, 'Cherry MX G80-3000S RGB Keyboard TKL Black', 'Illumination options for different versions, unlit and RGB with color routines in over 16 million colors, Full n-key rollover – all keys are read simultaneously, Anti-ghosting – no input errors, WIN key lockout, Abrasion-resistant key caps', 'Available', 2, 20, 'asset-7-1645359987.png', '2022-02-20 09:00:00.000', NULL, NULL);
INSERT INTO capstone.assets (id, name, description, status, category_id, quantity, image, created_at, updated_at, deleted_at) VALUES(8, 'Cherry G80-3000S RGB Keyboard TKL WHITE', 'Illumination options for different versions, unlit and RGB with color routines in over 16 million colors, Full n-key rollover – all keys are read simultaneously, Anti-ghosting – no input errors, WIN key lockout, Abrasion-resistant key caps', 'Available', 2, 10, 'asset-8-1645359988.png', '2022-02-20 09:00:00.000', NULL, NULL);
INSERT INTO capstone.assets (id, name, description, status, category_id, quantity, image, created_at, updated_at, deleted_at) VALUES(9, 'Logitech MX Master 2S Wireless Mouse', 'Wireless Mouse, DPI : 200 to 4000 dpi, Sensors : Darkfield high precision, Wireless 2.4 GHz, Battery : Li-Po (500 mAh)', 'Available', 2, 5, 'asset-9-1645359989.png', '2022-02-20 09:00:00.000', NULL, NULL);
INSERT INTO capstone.assets (id, name, description, status, category_id, quantity, image, created_at, updated_at, deleted_at) VALUES(10, 'Logitech MX Master 3 Wireless Mouse', 'Wireless Mouse, DPI : 200 to 4000 dpi, Sensor technology : Darkfield high precision, Wireless 2.4 GHz, Battery : Li-Po (500 mAh), USB Receiver, USB-C charging cable (USB-A to USB-C)', 'Available', 2, 5, 'asset-10-1645359990.png', '2022-02-20 09:00:00.000', NULL, NULL);
INSERT INTO capstone.assets (id, name, description, status, category_id, quantity, image, created_at, updated_at, deleted_at) VALUES(11, 'Logitech Brio WebCam Ultra HD 4K', 'Autofocus, Zoom: 5 x digital, Konektivitas USB plug-and-play, Privacy shade', 'Available', 2, 5, 'asset-11-1645359991.png', '2022-02-20 09:00:00.000', NULL, NULL);
INSERT INTO capstone.assets (id, name, description, status, category_id, quantity, image, created_at, updated_at, deleted_at) VALUES(12, 'Logitech Conference Cam BCC950 960-000939', 'HD Video with Audio Clarity, 1080p HD, 30 fps', 'Available', 2, 5, 'asset-12-1645359992.png', '2022-02-20 09:00:00.000', NULL, NULL);
INSERT INTO capstone.assets (id, name, description, status, category_id, quantity, image, created_at, updated_at, deleted_at) VALUES(13, 'Cisco 16-port GE 2 x 1G SFP Smart Switch CBS220-16T-2G-EU', 'Managed Switch, 16 10/100/1000 ports, 2 Gigabit Ethernet Small form-factor pluggable (SFP), MAC table Up to 8K addresses, Jumbo Frame sizes up to 9K bytes, Web user interface', 'Available', 3, 5, 'asset-13-1645359993.png', '2022-02-20 09:00:00.000', NULL, NULL);
INSERT INTO capstone.assets (id, name, description, status, category_id, quantity, image, created_at, updated_at, deleted_at) VALUES(14, 'Mikrotik 10 Gigabit Port Router RB4011iGS+5HacQ2HnD-IN', 'Wireless Standard : 802.11ac MU-MIMO; 802.11b/g/n, Data Rates : 300 Mbit/s + 1733 Mbit/s, Architecture : ARM 32bit, CPU : AL21400 1.4GHz Quad core, License level : 5, Size of RAM : 1 GB; Storage size : 512 MB, Operating System RouterOS', 'Available', 3, 5, 'asset-14-1645359994.png', '2022-02-20 09:00:00.000', NULL, NULL);
INSERT INTO capstone.assets (id, name, description, status, category_id, quantity, image, created_at, updated_at, deleted_at) VALUES(15, 'Linksys AC2400 Dual-Band Wireless Router E8350-AP', 'Wireless Standard : 802.11a/b/g/n/ac, Dual Band : 2.4GHz & 5GHz, 1 x 10/100 WAN, 4 x 10/100 LAN, Encryption : 64/128-bit WEP, WPA and WPA2 Security', 'Available', 3, 5, 'asset-15-1645359995.png', '2022-02-20 09:00:00.000', NULL, NULL);
INSERT INTO capstone.assets (id, name, description, status, category_id, quantity, image, created_at, updated_at, deleted_at) VALUES(16, 'Netgear Nighthawk X6S AC3000 Tri-Band WiFi Mesh Extender EX8000', 'Wireless Standard: IEEE® 802.11 a/b/g/n/ac, Tri-band (400Mbps @2.4GHz / 866Mbps @5GHz / 1733Mbps @5GHz), 4 x 10/100/1000 Ethernet ports with auto-sensing technology, 1 x USB 2.0, Encryption: (WPA/WPA2-PSK) and WEP Standards', 'Available', 3, 2, 'asset-16-1645359996.png', '2022-02-20 09:00:00.000', NULL, NULL);
INSERT INTO capstone.assets (id, name, description, status, category_id, quantity, image, created_at, updated_at, deleted_at) VALUES(17, 'APC Back-UPS 1600VA BX1600MI-MS', 'Capacity : 1600VA, Rated power : 900 W, Input voltage : 230 V, Full load runtime : 1 minutes at 900 W, 4 Universal socket outlets', 'Available', 4, 5, 'asset-17-1645359997.png', '2022-02-20 09:00:00.000', NULL, NULL);
INSERT INTO capstone.assets (id, name, description, status, category_id, quantity, image, created_at, updated_at, deleted_at) VALUES(18, 'Eaton Back-UPS 2000VA 5E2000iUSB', 'Capacity : 2000VA, Rated power : 1200W, Input voltage : 230V, PF 0.6', 'Available', 4, 5, 'asset-18-1645359998.png', '2022-02-20 09:00:00.000', NULL, NULL);
INSERT INTO capstone.assets (id, name, description, status, category_id, quantity, image, created_at, updated_at, deleted_at) VALUES(19, 'Fujitsu Image Scanner ScanSnap iX1300', 'Scanner Type: ADF; Duplex Scanning Speed: Simplex / Duplex 30 ppm, Image Sensor Type: CIS x 2 (Front x 1; Back x 1), ADF Capacity : 20 sheets, Optical Resolution: 600 dpi, Interface: USB + Wi-Fi', 'Available', 5, 5, 'asset-19-1645359999.png', '2022-02-20 09:00:00.000', NULL, NULL);
INSERT INTO capstone.assets (id, name, description, status, category_id, quantity, image, created_at, updated_at, deleted_at) VALUES(20, 'Epson Printer L6580', 'Print speed of up to 25 ipm (black and colour) Automatic duplex printing Ultra-high page yield of 7,500 pages (black) and 6,000 pages (colour) Wi-Fi, Wi-Fi Direct, Ethernet Epson Connect (Epson iPrint, Epson Email Print and Remote Print Driver, Scan to Cloud) Supports PCL and PostScript', 'Available', 5, 2, 'asset-20-1645360000.png', '2022-02-20 09:00:00.000', NULL, NULL);
INSERT INTO capstone.assets (id, name, description, status, category_id, quantity, image, created_at, updated_at, deleted_at) VALUES(21, 'Seinheisser Wireless Headphones Bluetooth HD 4.40 BT', 'Wireless Headphones, Bluetooth 4.0, Frequency : 18 - 22000 Hz, Impedance : 18 Ohm, Sound pressure level (SPL) : 113dB, Dual omnidirectional microphones, Li-ion Polymer Battery', 'Available', 6, 50, 'asset-21-1645360001.png', '2022-02-20 09:00:00.000', NULL, NULL);
INSERT INTO capstone.assets (id, name, description, status, category_id, quantity, image, created_at, updated_at, deleted_at) VALUES(22, 'Mitsubishi Electric Kipas Angin R16-GU', 'Blade diameter: 16 inch, Daya: 46 watt, Voltage: 220, 3 tingkat kecepatan, Tinggi dapat diatur', 'Available', 6, 10, 'asset-22-1645360002.png', '2022-02-20 09:00:00.000', NULL, NULL);
INSERT INTO capstone.assets (id, name, description, status, category_id, quantity, image, created_at, updated_at, deleted_at) VALUES(23, 'Aubern Portable Audio BE-15WT', 'Aubern BE-15WT Portable Audio System, Power 500 Watt Murni (100.000 Watt PMPO), Aktif Full-Range Speaker (Tweeter, Woofer, Subwoofer), 15" Speaker + 6.5" Subwoofer + 1" Tweeter', 'Available', 7, 1, 'asset-23-1645360003.png', '2022-02-20 09:00:00.000', NULL, NULL);
INSERT INTO capstone.assets (id, name, description, status, category_id, quantity, image, created_at, updated_at, deleted_at) VALUES(24, 'Welhome Espresso Machine New Twin Thermoblock KD-270', 'Daya : 2.100W, Tegangan : 220 - 240 V ~ 50 Hz, Dimensi (PxLxT) : 350 x 290 x 340 mm, Berat : 13.1 kg, Water tank capacity : 3 L, Pump pressure : 15 bar (coffee pump), 4 bar (steam pump)', 'Available', 7, 1, 'asset-24-1645360004.png', '2022-02-20 09:00:00.000', NULL, NULL);
INSERT INTO capstone.assets (id, name, description, status, category_id, quantity, image, created_at, updated_at, deleted_at) VALUES(25, 'Hi - Cook Original Coffee Maker', 'Daya : 600 W, Tegangan : 220-240 V, 50-60 Hz, Dimensi (PxLxT) : 193 x 141 x 258 mm, Berat : 0.98 kg', 'Available', 7, 3, 'asset-25-1645360005.png', '2022-02-20 09:00:00.000', NULL, NULL);
INSERT INTO capstone.assets (id, name, description, status, category_id, quantity, image, created_at, updated_at, deleted_at) VALUES(26, 'Honeywell Paper Shredder 9412', 'Cutting Speed : 2,2 m/minute, Insertion Width : 220 mm, Sheet Capacity : 12 Sheets, Bag Volume : 24 litres, Dimension : 360 x 249 x 465 mm, Weight : 6.84 Kg, Shred Type : Cross Cut, Shred Size : 4 x 35 mm, Protection : Overheat, Power : AC 220V 50Hz', 'Available', 7, 2, 'asset-26-1645360006.png', '2022-02-20 09:00:00.000', NULL, NULL);
INSERT INTO capstone.assets (id, name, description, status, category_id, quantity, image, created_at, updated_at, deleted_at) VALUES(27, 'Nikon Z50 Mirrorless Digital Camera with 16-50mm Lens', '20.9MP DX-Format CMOS Sensor, EXPEED 6 Image Processor, UHD 4K and Full HD Video Recording, 2.36m-Dot OLED Electronic Viewfinder, 3.2" 1.04m-Dot 180° Tilting Touchscreen, ISO 100-51200 Up to 11 fps Shooting, 209-Point Hybrid AF Eye Detection, Built-In Wi-Fi and Bluetooth, NIKKOR Z DX 16-50mm f/3.5-6.3 VR Lens', 'Available', 7, 1, 'asset-27-1645360007.png', '2022-02-20 09:00:00.000', NULL, NULL);
INSERT INTO capstone.assets (id, name, description, status, category_id, quantity, image, created_at, updated_at, deleted_at) VALUES(28, 'Infocus Projector IN112AA', 'Sistem Projector : DLP Technology, Brightness : 3800 Lumens, Resolusi Native : SVGA (800 x 600), Rasio Aspek : 16 : 9, Rasio Kontras : 30000:1, Input : HDMI 1.4 x1, VGA x1, S-VIDEO x1, 3.5mm Audio x1, Output : 3.5mm audio, Konsumsi Daya Eco/Bright (Watts) : 210/267, Dimensi Produk : 236 x 313 x 107 mm', 'Available', 7, 2, 'asset-28-1645360008.png', '2022-02-20 09:00:00.000', NULL, NULL);
INSERT INTO capstone.assets (id, name, description, status, category_id, quantity, image, created_at, updated_at, deleted_at) VALUES(29, 'Case Screen Tripod 70 Inch TS70', 'Rasio Layar : 1:1, Ukuran Layar : 178 x 178 cm, Dimensi Produk : 196 x 19 x 12 cm, Berat Produk : 8 kg', 'Available', 7, 2, 'asset-29-1645360009.png', '2022-02-20 09:00:00.000', NULL, NULL);
INSERT INTO capstone.assets (id, name, description, status, category_id, quantity, image, created_at, updated_at, deleted_at) VALUES(30, 'Kensington Expert Wireless Presenter K72426', 'Expert Wireless Presenter with Green Laser Pointer & Cursor Control', 'Available', 7, 2, 'asset-30-1645360010.png', '2022-02-20 09:00:00.000', NULL, NULL);
